{"stats":{"minecraft:mined":{"minecraft:oak_leaves":3},"minecraft:used":{"tombstone:gift":17,"minecraft:chest":2},"minecraft:custom":{"minecraft:time_since_rest":28264,"minecraft:open_chest":2,"minecraft:crouch_one_cm":1261,"minecraft:sprint_one_cm":12509,"minecraft:play_time":34876,"minecraft:deaths":2,"minecraft:damage_taken":350,"minecraft:walk_one_cm":21224,"minecraft:sneak_time":305,"minecraft:walk_under_water_one_cm":2105,"minecraft:drop":4,"minecraft:jump":171,"minecraft:walk_on_water_one_cm":424,"minecraft:time_since_death":28379,"minecraft:climb_one_cm":2523,"minecraft:total_world_time":34876,"minecraft:swim_one_cm":8798,"minecraft:fall_one_cm":4193,"minecraft:fly_one_cm":41209},"minecraft:dropped":{"medieval_craft_weapons:legionary_helmet":1,"alexsmobs:animal_dictionary":1,"artifacts:bunny_hoppers":1,"bossominium:the_bossdexium":1}},"DataVersion":3465}