{"stats":{"minecraft:mined":{"minecraft:oak_leaves":3},"minecraft:used":{"tombstone:gift":17,"minecraft:chest":2},"minecraft:custom":{"minecraft:jump":143,"minecraft:open_chest":2,"minecraft:time_since_rest":10264,"minecraft:damage_taken":350,"minecraft:crouch_one_cm":704,"minecraft:time_since_death":10379,"minecraft:play_time":16876,"minecraft:sprint_one_cm":8799,"minecraft:walk_one_cm":9179,"minecraft:walk_on_water_one_cm":424,"minecraft:deaths":2,"minecraft:sneak_time":180,"minecraft:total_world_time":16876,"minecraft:climb_one_cm":1716,"minecraft:walk_under_water_one_cm":2105,"minecraft:swim_one_cm":8798,"minecraft:fall_one_cm":4193,"minecraft:drop":2,"minecraft:fly_one_cm":26842},"minecraft:dropped":{"alexsmobs:animal_dictionary":1,"bossominium:the_bossdexium":1}},"DataVersion":3465}