{"stats":{"minecraft:mined":{"minecraft:oak_leaves":3},"minecraft:used":{"tombstone:gift":17,"minecraft:chest":2},"minecraft:custom":{"minecraft:time_since_rest":40264,"minecraft:open_chest":2,"minecraft:crouch_one_cm":1366,"minecraft:sprint_one_cm":27256,"minecraft:play_time":46876,"minecraft:deaths":2,"minecraft:damage_taken":350,"minecraft:walk_one_cm":24491,"minecraft:sneak_time":345,"minecraft:walk_under_water_one_cm":2105,"minecraft:drop":15,"minecraft:jump":282,"minecraft:walk_on_water_one_cm":424,"minecraft:time_since_death":40379,"minecraft:climb_one_cm":3833,"minecraft:total_world_time":46876,"minecraft:swim_one_cm":8798,"minecraft:fall_one_cm":4193,"minecraft:fly_one_cm":69421},"minecraft:dropped":{"minecraft:iron_helmet":1,"minecraft:iron_boots":1,"medieval_craft_weapons:legionary_helmet":1,"minecraft:iron_pickaxe":1,"medieval_craft_weapons:vikingsword":1,"alexsmobs:animal_dictionary":1,"minecraft:bone":21,"minecraft:diamond_leggings":1,"artifacts:bunny_hoppers":1,"bossominium:the_bossdexium":1,"paraglider:spirit_orb":30}},"DataVersion":3465}