{"stats":{"minecraft:dropped":{"sophisticatedbackpacks:iron_backpack":1,"minecraft:iron_ingot":64,"vampirism:human_heart":6,"medieval_craft_weapons:vikingsword":1,"alexsmobs:animal_dictionary":1,"minecraft:glass_bottle":16,"vampirism:vampire_book":1,"vampirism:obi_belt":1,"alexscaves:cave_tablet":1,"vampirism:altar_tip":71,"minecraft:diamond_leggings":1,"vampirism:pure_blood_0":1,"minecraft:iron_helmet":1,"minecraft:cobblestone":64,"minecraft:iron_boots":1,"medieval_craft_weapons:soldiera_leggings":1,"sophisticatedbackpacks:backpack":1,"medieval_craft_weapons:legionary_helmet":1,"minecraft:saddle":1,"vampirism:amulet":2,"minecraft:grass_block":1,"minecraft:recovery_compass":1,"minecraft:golden_apple":5,"bossominium:the_bossdexium":1,"paraglider:spirit_orb":68,"minecraft:diamond_horse_armor":1,"minecraft:dirt":1,"vampirism:vampire_blood_bottle":2,"vampirism:vampire_fang":1,"iceandfire:copper_sword":1,"vampirism:altar_pillar":6,"minecraft:torch":64,"tombstone:grave_key":1,"artifacts:obsidian_skull":1,"vampirism:altar_inspiration":1,"camera:camera":1,"minecraft:jungle_leaves":1,"minecraft:stone_bricks":96,"medieval_craft_weapons:titanite_nugget_1":2,"minecraft:iron_pickaxe":1,"vampirism:ring":2,"artifacts:bunny_hoppers":1,"minecraft:gold_ingot":64,"vampirism:altar_infusion":1,"minecraft:bone":64},"minecraft:crafted":{"sophisticatedbackpacks:gold_backpack":1,"sophisticatedbackpacks:diamond_backpack":2,"sophisticatedbackpacks:iron_backpack":1},"minecraft:used":{"minecraft:jungle_leaves":19,"vampirism:altar_inspiration":1,"vampirism:altar_infusion":3,"minecraft:chest":2,"minecraft:dirt":1,"minecraft:crafting_table":1,"vampirism:alchemical_cauldron":1,"minecraft:grass_block":1,"vampirism:altar_pillar":24,"vampirism:altar_tip":4,"minecraft:diamond_sword":1,"minecraft:cobblestone":11,"tombstone:gift":17},"minecraft:custom":{"vampirism:altar_of_inspiration_rituals_performed":74,"vampirism:interact_with_altar_of_infusion":5,"minecraft:interact_with_crafting_table":4,"minecraft:leave_game":1,"minecraft:time_since_death":99902,"minecraft:climb_one_cm":11225,"vampirism:altar_of_infusion_rituals_performed":1,"minecraft:time_since_rest":99787,"minecraft:sprint_one_cm":50691,"vampirism:amount_bitten":4,"minecraft:damage_taken":350,"minecraft:walk_one_cm":77779,"minecraft:drop":77,"vampirism:skills_unlocked":1,"minecraft:damage_dealt":198,"minecraft:swim_one_cm":8798,"minecraft:fly_one_cm":198081,"minecraft:open_chest":2,"minecraft:crouch_one_cm":2597,"minecraft:play_time":106399,"vampirism:interact_with_altar_inspiration":90,"minecraft:deaths":2,"minecraft:sneak_time":773,"minecraft:walk_under_water_one_cm":7376,"minecraft:jump":742,"minecraft:walk_on_water_one_cm":562,"minecraft:total_world_time":106399,"vampirism:blood_drunk":-400,"minecraft:fall_one_cm":4193},"minecraft:picked_up":{"vampirism:human_heart":50,"minecraft:stone_bricks":1,"vampirism:altar_pillar":2,"artifacts:obsidian_skull":1,"minecraft:torch":1,"vampirism:ring":1,"minecraft:grass_block":1,"vampirism:amulet":1,"vampirism:pure_blood_0":1,"vampirism:altar_tip":67},"minecraft:mined":{"minecraft:oak_leaves":3}},"DataVersion":3465}