{"stats":{"minecraft:dropped":{"alexsmobs:animal_dictionary":1,"bossominium:the_bossdexium":1},"minecraft:used":{"minecraft:chest":2,"tombstone:gift":17},"minecraft:custom":{"minecraft:jump":113,"minecraft:open_chest":1,"minecraft:time_since_rest":586,"minecraft:deaths":2,"minecraft:crouch_one_cm":378,"minecraft:walk_on_water_one_cm":424,"minecraft:sprint_one_cm":5244,"minecraft:play_time":7198,"minecraft:damage_taken":350,"minecraft:time_since_death":701,"minecraft:walk_one_cm":7451,"minecraft:sneak_time":97,"minecraft:climb_one_cm":678,"minecraft:total_world_time":7198,"minecraft:walk_under_water_one_cm":2105,"minecraft:swim_one_cm":8798,"minecraft:drop":2,"minecraft:fall_one_cm":4193,"minecraft:fly_one_cm":19565},"minecraft:mined":{"minecraft:oak_leaves":3}},"DataVersion":3465}