{"stats":{"minecraft:mined":{"minecraft:oak_leaves":3},"minecraft:picked_up":{"artifacts:obsidian_skull":1,"vampirism:ring":1,"vampirism:amulet":1},"minecraft:used":{"minecraft:chest":2,"tombstone:gift":17},"minecraft:custom":{"minecraft:time_since_rest":52264,"minecraft:sprint_one_cm":27256,"minecraft:damage_taken":350,"minecraft:walk_one_cm":25557,"minecraft:drop":41,"minecraft:swim_one_cm":8798,"minecraft:fly_one_cm":69421,"minecraft:open_chest":2,"minecraft:crouch_one_cm":1366,"minecraft:play_time":58876,"minecraft:deaths":2,"minecraft:sneak_time":345,"minecraft:walk_under_water_one_cm":2105,"minecraft:jump":284,"minecraft:time_since_death":52379,"minecraft:walk_on_water_one_cm":424,"minecraft:total_world_time":58876,"minecraft:climb_one_cm":4047,"minecraft:fall_one_cm":4193},"minecraft:dropped":{"sophisticatedbackpacks:iron_backpack":1,"minecraft:diamond_horse_armor":1,"vampirism:vampire_blood_bottle":1,"vampirism:vampire_fang":1,"iceandfire:copper_sword":1,"vampirism:human_heart":2,"medieval_craft_weapons:vikingsword":1,"minecraft:torch":64,"alexsmobs:animal_dictionary":1,"minecraft:glass_bottle":16,"vampirism:altar_inspiration":1,"artifacts:obsidian_skull":1,"vampirism:obi_belt":1,"alexscaves:cave_tablet":1,"minecraft:diamond_leggings":1,"minecraft:iron_helmet":1,"minecraft:cobblestone":35,"minecraft:stone_bricks":96,"minecraft:iron_boots":1,"medieval_craft_weapons:titanite_nugget_1":2,"medieval_craft_weapons:soldiera_leggings":1,"sophisticatedbackpacks:backpack":1,"medieval_craft_weapons:legionary_helmet":1,"minecraft:iron_pickaxe":1,"minecraft:saddle":1,"vampirism:ring":2,"vampirism:amulet":2,"artifacts:bunny_hoppers":1,"minecraft:golden_apple":5,"bossominium:the_bossdexium":1,"paraglider:spirit_orb":30,"minecraft:gold_ingot":64,"minecraft:bone":21}},"DataVersion":3465}