{"stats":{"minecraft:picked_up":{"medieval_craft_weapons:legionary_helmet":1,"minecraft:bone":21,"artifacts:bunny_hoppers":1,"minecraft:diamond_leggings":1,"minecraft:iron_helmet":1,"paraglider:spirit_orb":30,"medieval_craft_weapons:vikingsword":1,"minecraft:iron_pickaxe":1,"minecraft:iron_boots":1},"minecraft:used":{"tombstone:magic_scroll":8,"minecraft:iron_helmet":1,"minecraft:iron_boots":1,"minecraft:diamond_leggings":1},"minecraft:custom":{"minecraft:time_since_rest":16669,"minecraft:sprint_one_cm":5886,"minecraft:play_time":16669,"minecraft:damage_taken":100,"minecraft:walk_one_cm":19047,"minecraft:sneak_time":20,"minecraft:walk_under_water_one_cm":5044,"minecraft:drop":1,"minecraft:jump":79,"minecraft:walk_on_water_one_cm":4022,"minecraft:leave_game":2,"minecraft:time_since_death":16669,"tombstone:cast_on_ally":0,"minecraft:climb_one_cm":736,"minecraft:total_world_time":16669,"minecraft:fall_one_cm":5348,"minecraft:fly_one_cm":66654},"minecraft:dropped":{"medieval_craft_weapons:legionary_helmet":1}},"DataVersion":3465}