{"stats":{"minecraft:picked_up":{"medieval_craft_weapons:legionary_helmet":1,"artifacts:bunny_hoppers":1},"minecraft:used":{"tombstone:magic_scroll":8},"minecraft:custom":{"minecraft:jump":79,"minecraft:time_since_rest":13116,"minecraft:walk_on_water_one_cm":3848,"tombstone:cast_on_ally":0,"minecraft:sprint_one_cm":5886,"minecraft:leave_game":2,"minecraft:play_time":13116,"minecraft:damage_taken":100,"minecraft:time_since_death":13116,"minecraft:walk_one_cm":16767,"minecraft:climb_one_cm":736,"minecraft:total_world_time":13116,"minecraft:walk_under_water_one_cm":3733,"minecraft:drop":1,"minecraft:fall_one_cm":5348,"minecraft:fly_one_cm":57569},"minecraft:dropped":{"medieval_craft_weapons:legionary_helmet":1}},"DataVersion":3465}