{"stats":{"minecraft:picked_up":{"vampirism:vampire_book":1,"medieval_craft_weapons:legionary_helmet":1,"vampirism:vampire_blood_bottle":2,"iceandfire:copper_sword":1,"artifacts:bunny_hoppers":1,"alexscaves:cave_tablet":1,"paraglider:spirit_orb":30,"minecraft:diamond_horse_armor":1,"tombstone:grave_key":1,"minecraft:bone":21,"vampirism:human_heart":7,"minecraft:stone_bricks":96,"vampirism:obi_belt":1,"minecraft:diamond_leggings":1,"minecraft:wheat_seeds":1,"vampirism:altar_pillar":6,"minecraft:iron_ingot":64,"minecraft:glass_bottle":16,"minecraft:iron_pickaxe":1,"minecraft:iron_boots":1,"artifacts:obsidian_skull":1,"medieval_craft_weapons:titanite_nugget_1":2,"minecraft:torch":64,"vampirism:ring":1,"sophisticatedbackpacks:backpack":1,"minecraft:recovery_compass":1,"sophisticatedbackpacks:iron_backpack":1,"vampirism:vampire_fang":1,"vampirism:amulet":1,"vampirism:altar_infusion":1,"vampirism:pure_blood_0":1,"vampirism:altar_inspiration":1,"vampirism:altar_tip":4,"minecraft:iron_helmet":1,"medieval_craft_weapons:soldiera_leggings":1,"minecraft:golden_apple":5,"minecraft:saddle":1,"minecraft:gold_ingot":64,"medieval_craft_weapons:vikingsword":1,"minecraft:cobblestone":36},"minecraft:mined":{"vampirism:altar_pillar":2,"minecraft:torch":1,"minecraft:grass":4,"minecraft:vine":4,"minecraft:fern":2},"minecraft:used":{"vampirism:altar_inspiration":1,"vampirism:human_heart":1,"minecraft:torch":1,"tombstone:magic_scroll":8,"minecraft:iron_helmet":1,"minecraft:iron_boots":1,"medieval_craft_weapons:vikingsword":20,"minecraft:cobblestone":1,"iceandfire:dragonsteel_lightning_sword":1,"minecraft:diamond_leggings":1},"minecraft:dropped":{"treasure2:pilferers_lock_pick":1,"vampirism:human_heart":1,"minecraft:cobblestone":1,"medieval_craft_weapons:legionary_helmet":1,"minecraft:recovery_compass":1,"treasure2:copper_coin":2,"artifacts:obsidian_skull":1,"treasure2:wood_key":1},"minecraft:custom":{"vampirism:altar_of_inspiration_rituals_performed":78,"vampirism:action_time_sunscreen":799,"minecraft:mob_kills":1,"vampirism:interact_with_altar_of_infusion":12,"vampirism:action_time_bat":8104,"vampirism:action_used_sunscreen":1,"vampirism:action_used_bat":4,"minecraft:leave_game":4,"minecraft:time_since_death":81102,"minecraft:climb_one_cm":8573,"minecraft:damage_resisted":39,"vampirism:actions_used":6,"vampirism:altar_of_infusion_rituals_performed":1,"minecraft:time_since_rest":81340,"vampirism:action_used_regen":1,"minecraft:sprint_one_cm":36711,"minecraft:damage_taken":280769,"minecraft:walk_one_cm":92807,"minecraft:trigger_trapped_chest":1,"minecraft:drop":9,"vampirism:action_time_regen":399,"vampirism:skills_unlocked":20,"minecraft:damage_dealt":766,"tombstone:cast_on_ally":0,"minecraft:swim_one_cm":2834,"minecraft:fly_one_cm":305544,"minecraft:crouch_one_cm":48,"minecraft:play_time":81340,"minecraft:sneak_time":1521,"minecraft:walk_under_water_one_cm":14092,"minecraft:jump":482,"minecraft:walk_on_water_one_cm":8574,"minecraft:total_world_time":81340,"vampirism:blood_drunk":1600,"minecraft:fall_one_cm":35512}},"DataVersion":3465}