{"stats":{"minecraft:mined":{"vampirism:altar_pillar":2,"minecraft:torch":1,"minecraft:grass":2,"minecraft:vine":3,"minecraft:fern":2},"minecraft:picked_up":{"artifacts:obsidian_skull":1,"medieval_craft_weapons:legionary_helmet":1,"vampirism:vampire_book":1,"vampirism:vampire_blood_bottle":2,"iceandfire:copper_sword":1,"minecraft:torch":64,"artifacts:bunny_hoppers":1,"vampirism:ring":1,"medieval_craft_weapons:titanite_nugget_1":2,"alexscaves:cave_tablet":1,"sophisticatedbackpacks:backpack":1,"paraglider:spirit_orb":30,"minecraft:diamond_horse_armor":1,"sophisticatedbackpacks:iron_backpack":1,"vampirism:vampire_fang":1,"vampirism:altar_infusion":1,"vampirism:amulet":1,"vampirism:pure_blood_0":1,"minecraft:bone":21,"vampirism:human_heart":7,"minecraft:stone_bricks":96,"vampirism:obi_belt":1,"vampirism:altar_tip":4,"minecraft:wheat_seeds":1,"vampirism:altar_inspiration":1,"minecraft:diamond_leggings":1,"vampirism:altar_pillar":6,"minecraft:iron_helmet":1,"minecraft:iron_ingot":64,"medieval_craft_weapons:soldiera_leggings":1,"minecraft:golden_apple":5,"minecraft:saddle":1,"minecraft:gold_ingot":64,"medieval_craft_weapons:vikingsword":1,"minecraft:iron_pickaxe":1,"minecraft:glass_bottle":16,"minecraft:iron_boots":1,"minecraft:cobblestone":36},"minecraft:used":{"vampirism:altar_inspiration":1,"tombstone:magic_scroll":8,"minecraft:iron_helmet":1,"vampirism:human_heart":1,"minecraft:iron_boots":1,"minecraft:torch":1,"minecraft:cobblestone":1,"minecraft:diamond_leggings":1},"minecraft:custom":{"vampirism:altar_of_infusion_rituals_performed":1,"minecraft:time_since_rest":52669,"vampirism:altar_of_inspiration_rituals_performed":78,"minecraft:sprint_one_cm":25505,"minecraft:damage_taken":672,"minecraft:walk_one_cm":70844,"minecraft:drop":4,"vampirism:skills_unlocked":1,"vampirism:interact_with_altar_of_infusion":12,"tombstone:cast_on_ally":0,"minecraft:fly_one_cm":98442,"minecraft:crouch_one_cm":48,"minecraft:play_time":52669,"minecraft:sneak_time":139,"minecraft:walk_under_water_one_cm":5044,"minecraft:jump":306,"minecraft:leave_game":2,"minecraft:time_since_death":52669,"minecraft:walk_on_water_one_cm":4022,"minecraft:total_world_time":52669,"minecraft:climb_one_cm":5989,"vampirism:blood_drunk":1600,"minecraft:fall_one_cm":25073},"minecraft:dropped":{"vampirism:human_heart":1,"artifacts:obsidian_skull":1,"minecraft:cobblestone":1,"medieval_craft_weapons:legionary_helmet":1}},"DataVersion":3465}