{"stats":{"minecraft:picked_up":{"artifacts:obsidian_skull":1,"medieval_craft_weapons:legionary_helmet":1,"vampirism:vampire_blood_bottle":1,"iceandfire:copper_sword":1,"minecraft:torch":64,"artifacts:bunny_hoppers":1,"vampirism:ring":1,"medieval_craft_weapons:titanite_nugget_1":2,"alexscaves:cave_tablet":1,"sophisticatedbackpacks:backpack":1,"paraglider:spirit_orb":30,"minecraft:diamond_horse_armor":1,"sophisticatedbackpacks:iron_backpack":1,"vampirism:vampire_fang":1,"vampirism:amulet":1,"minecraft:bone":21,"vampirism:human_heart":2,"minecraft:stone_bricks":96,"vampirism:obi_belt":1,"vampirism:altar_inspiration":1,"minecraft:diamond_leggings":1,"minecraft:iron_helmet":1,"medieval_craft_weapons:soldiera_leggings":1,"minecraft:golden_apple":5,"minecraft:saddle":1,"minecraft:gold_ingot":64,"medieval_craft_weapons:vikingsword":1,"minecraft:iron_pickaxe":1,"minecraft:glass_bottle":16,"minecraft:iron_boots":1,"minecraft:cobblestone":35},"minecraft:used":{"tombstone:magic_scroll":8,"minecraft:iron_helmet":1,"minecraft:iron_boots":1,"minecraft:diamond_leggings":1},"minecraft:custom":{"minecraft:time_since_rest":28669,"minecraft:sprint_one_cm":6182,"minecraft:damage_taken":100,"minecraft:walk_one_cm":24876,"minecraft:drop":2,"tombstone:cast_on_ally":0,"minecraft:fly_one_cm":66654,"minecraft:play_time":28669,"minecraft:sneak_time":20,"minecraft:walk_under_water_one_cm":5044,"minecraft:jump":80,"minecraft:leave_game":2,"minecraft:time_since_death":28669,"minecraft:walk_on_water_one_cm":4022,"minecraft:total_world_time":28669,"minecraft:climb_one_cm":736,"minecraft:fall_one_cm":5348},"minecraft:dropped":{"artifacts:obsidian_skull":1,"medieval_craft_weapons:legionary_helmet":1}},"DataVersion":3465}